{"cameraMode":{"drawMode":0,"name":"Shaded","section":"Shading Mode"},"sceneLighting":true,"audioPlay":false,"sceneViewState":{"showFog":true,"showMaterialUpdate":false,"showSkybox":true,"showFlares":true,"showImageEffects":true,"showParticleSystems":true},"in2DMode":false,"pivot":{"x":-0.11516603082418442,"y":-3.768242120742798,"z":-2.537623405456543},"rotation":{"x":-0.07750535011291504,"y":0.9028400182723999,"z":-0.3809802830219269,"w":-0.18367238342761994},"size":12.326666831970215,"orthographic":false}